-13.691145985767662,287.9,0.2,0.0
-13.691145985767662,287.7,0.30000000000000004,0.04000000000000001
-13.731145985767625,287.4,0.4,0.0
-13.731145985767625,287.0,0.5,0.04000000000000001
-13.771145985767589,286.5,0.6,0.0
-13.771145985767589,285.9,0.7,0.04000000000000001
-13.811145985767553,285.2,0.7999999999999999,0.0
-13.811145985767553,284.4,0.8999999999999999,0.04000000000000001
-13.851145985767516,283.5,0.9999999999999999,0.0
-13.851145985767516,282.5,1.0999999999999999,0.04000000000000001
-13.89114598576748,281.4,1.2,0.0
-13.89114598576748,280.2,1.3,0.04000000000000001
-13.931145985767444,278.9,1.4000000000000001,0.0
-13.931145985767444,277.5,1.5000000000000002,0.04000000000000001
-13.971145985767407,276.0,1.6000000000000003,0.0
-13.971145985767407,274.4,1.7000000000000004,0.04000000000000001
-14.01114598576737,272.7,1.6000000000000005,0.0
-14.01114598576737,271.09999999999997,1.5001218345961815,0.03302010065949981
-14.044166086426912,269.59987816540377,1.4006090245442167,-0.020931194089325256
-14.023234892337541,268.19926914085954,1.301704645470562,-0.0018368867428559428
-14.021398005594733,266.89756449538896,1.2036510317222482,0.010328493065130978
-14.03172649865985,265.6939134636667,1.1066894811198067,-0.0644011424682551
-13.967325356191623,264.5872239825469,1.0110599609730455,-0.06598348063180695
-13.901341875559865,263.57616402157385,0.9170008157178463,-0.07436785975174048
-13.826974015808105,262.659163205856,0.8247484765301825,-0.08949533091514031
-13.737478684892949,261.8344147293258,0.7345371732711518,-0.11129872979012978
-13.62617995510277,261.0998775560546,0.64659864911397,-0.13970275845526353
-13.486477196647456,260.4532789069406,0.5611618782006125,-0.1746240771384459
-13.31185311950901,259.89211702874,0.6611618782006125,-0.1346240771384459
-13.177229042370527,259.2309551505394,0.7611618782006124,-0.0946240771384459
-13.082604965232122,258.4697932723388,0.8611618782006124,-0.05462407713844589
-13.02798088809368,257.6086313941382,0.9611618782006124,-0.014624077138445879
-13.013356810955202,256.6474695159376,1.0611618782006125,0.02537592286155413
-13.0387327338168,255.58630763773698,1.1611618782006126,-0.014624077138445879
-13.024108656678322,254.42514575953635,1.2611618782006127,0.02537592286155413
-13.049484579539921,253.16398388133575,1.3611618782006127,-0.014624077138445879
-13.034860502401443,251.80282200313513,1.2757251072872553,-0.04954539582162827
-12.985315106579833,250.52709689584788,1.1902883363738979,-0.08446671450481066
-12.900848392074977,249.33680855947398,1.1048515654605404,-0.11938803318799306
-12.781460358886989,248.23195699401344,1.019414794547183,-0.15430935187117545
-12.627151007015868,247.21254219946627,0.9314762703900014,-0.1827133805363092
-12.444437626479612,246.28106592907625,0.8412649671309707,-0.20451677941129867
-12.239920847068333,245.43980096194525,0.7490126279433068,-0.2196442505746985
-12.020276596493659,244.69078833400192,0.6549534826881075,-0.22802862969463203
-11.792247966798982,244.03583485131384,0.5593239625413463,-0.22961096785818388
-11.562636998940775,243.4765108887725,0.4623624119389047,-0.22434060339156994
-11.33829639554915,243.0141484768336,0.3643087981905906,-0.21217522358358304
-11.126121171965565,242.64983967864305,0.2654044191169359,-0.19308091623711374
-10.933040255728429,242.38443525952613,0.16589160906497102,-0.1670322109859388
-10.766008044742534,242.21854365046119,0.06601344366115183,-0.13401211032643898
-10.631995934416068,242.1525302068,-0.03398655633884817,-0.09401211032643897
-10.537983824089679,242.18651676313885,-0.13386472174266734,-0.047032210985938794
-10.490951613103789,242.32038148488152,-0.2337428871464865,-5.231164543862115e-05
-10.490899301458398,242.554124372028,-0.33362105255030566,0.04692758769506156
-10.537826889153507,242.88774542457833,-0.23362105255030566,0.006927587695061549
-10.544754476848539,243.12136647712862,-0.13362105255030565,-0.03307241230493846
-10.511682064543606,243.25498752967894,-0.03362105255030565,0.006927587695061549
-10.518609652238638,243.28860858222924,0.06637894744969436,-0.03307241230493846
-10.485537239933706,243.22222963477952,0.16637894744969436,0.006927587695061549
-10.492464827628737,243.05585068732984,0.26637894744969437,-0.03307241230493846
-10.459392415323805,242.78947173988013,0.36637894744969435,0.006927587695061549
-10.466320003018836,242.42309279243045,0.4663789474496943,-0.03307241230493846
-10.433247590713904,241.95671384498075,0.5663789474496943,0.006927587695061549
-10.440175178408936,241.39033489753103,0.6663789474496943,-0.03307241230493846
-10.407102766104003,240.72395595008135,0.7663789474496943,0.006927587695061549
-10.414030353799035,239.95757700263164,0.8663789474496942,-0.03307241230493846
-10.380957941494103,239.09119805518196,0.9663789474496942,0.006927587695061549
-10.387885529189134,238.12481910773226,1.0663789474496943,-0.03307241230493846
-10.354813116884202,237.05844016028254,1.1663789474496944,0.006927587695061549
-10.361740704579233,235.89206121283286,1.2663789474496945,-0.03307241230493846
-10.328668292274301,234.62568226538315,1.1665007820458755,0.013907487035561713
-10.342575779309868,233.45918148333726,1.0666226166420565,-0.01911261362393813
-10.323463165685894,232.3925588666952,0.9671098065900917,0.03483868112488701
-10.358301846810832,231.4254490601051,0.868205427516437,0.015744373778417683
-10.374046220589207,230.55724363258867,0.7701518137681229,0.003578993970430853
-10.377625214559657,229.78709181882056,0.6731902631656813,-0.0016913704961830783
-10.375933844063525,229.11390155565488,0.5775607430189201,0.0798909676673689
-10.45582481173085,228.53634081263596,0.4835015977637208,0.08827534678730248
-10.544100158518177,228.05283921487222,0.39124925857605697,0.10340281795070226
-10.6475029764689,227.66158995629615,0.2989969193883931,0.11853028911410204
-10.766033265583019,227.36259303690775,0.2067445802007293,0.1336577602775018
-10.899691025860534,227.15584845670702,0.11449224101306552,0.1487852314409016
-11.048476257301445,227.04135621569395,0.21449224101306552,0.1087852314409016
-11.157261488742392,226.82686397468086,0.3144922410130655,0.0687852314409016
-11.226046720183263,226.5123717336678,0.4144922410130655,0.028785231440901587
-11.254831951624169,226.09787949265473,0.5144922410130655,-0.01121476855909842
-11.243617183065112,225.58338725164168,0.6144922410130654,0.028785231440901587
-11.272402414506018,224.96889501062861,0.7144922410130654,-0.01121476855909842
-11.261187645946961,224.25440276961552,0.8144922410130654,0.028785231440901587
-11.289972877387868,223.43991052860247,0.9144922410130654,-0.01121476855909842
-11.27875810882881,222.5254182875894,1.0144922410130655,0.028785231440901587
-11.307543340269717,221.51092604657634,0.9222399018254017,0.04391270260430137
-11.35145604287402,220.58868614475097,0.829987562637738,0.059040173767701154
-11.410496216641718,219.75869858211325,0.7377352234500741,0.07416764493110094
-11.484663861572812,219.02096335866315,0.6436760781948748,0.08255202405103451
-11.567215885623796,218.3772872804683,0.5480465580481136,0.08413436221458648
-11.651350247838423,217.8292407224202,0.45108500744567204,0.07886399774797255
-11.730214245586353,217.37815571497453,0.3530313936973579,0.06669861793998572
-11.796912863526359,217.0251243212772,0.25412701462370324,0.04760431059351639
-11.844517174119915,216.7709973066535,0.15461420457173836,0.021555605342341515
-11.866072779462229,216.61638310208178,0.054736039167919165,-0.011464495317158329
-11.854608284145115,216.5616470629139,-0.04526396083208084,0.02853550468284168
-11.883143788827965,216.60691102374597,-0.1451421262359,-0.018444394657658524
-11.864699394170316,216.75205314998186,-0.24465493628786486,0.007604310593516423
-11.872303704763794,216.99670808626973,-0.14465493628786485,-0.03239568940648359
-11.83990801535731,217.14136302255758,-0.04465493628786485,0.00760431059351642
-11.847512325950788,217.18601795884547,0.055345063712135156,-0.03239568940648359
-11.815116636544303,217.13067289513333,0.15534506371213516,0.00760431059351642
-11.822720947137782,216.97532783142117,0.25534506371213517,-0.03239568940648359
-11.790325257731297,216.71998276770904,0.35534506371213515,0.00760431059351642
-11.797929568324776,216.3646377039969,0.4553450637121351,-0.03239568940648359
-11.76553387891829,215.90929264028478,0.5553450637121351,0.00760431059351642
-11.77313818951177,215.35394757657264,0.6553450637121351,-0.03239568940648359
-11.740742500105284,214.69860251286048,0.7553450637121351,0.00760431059351642
-11.748346810698763,213.94325744914835,0.855345063712135,-0.03239568940648359
-11.715951121292278,213.0879123854362,0.955345063712135,0.00760431059351642
-11.723555431885757,212.13256732172408,1.055345063712135,-0.03239568940648359
-11.691159742479272,211.07722225801194,1.1553450637121352,0.00760431059351642
-11.69876405307275,209.92187719429978,1.2553450637121353,-0.03239568940648359
-11.666368363666265,208.66653213058765,1.3553450637121354,0.00760431059351642
-11.673972674259744,207.3111870668755,1.4553450637121355,-0.03239568940648359
-11.641576984853259,205.8558420031634,1.5553450637121355,0.00760431059351642
-11.649181295446738,204.30049693945125,1.6553450637121356,-0.03239568940648359
-11.616785606040253,202.6451518757391,1.5572914499638215,-0.02023030959849667
-11.596555296441807,201.08786042577526,1.46032989936138,-0.01495994513188273
-11.581595351309943,199.62753052641386,1.3647003792146188,-0.01654228329543459
-11.56505306801455,198.26283014719922,1.2706412339594197,-0.02492666241536813
-11.540126405599153,196.99218891323983,1.178388894771756,-0.040054133578767956
-11.500072272020361,195.8138000184681,1.0881775915127254,-0.06185753245375743
-11.438214739566547,194.7256224269554,1.000239067355544,-0.09026156111889116
-11.34795317844771,193.72538335959985,0.9148022964421865,-0.12518287980207354
-11.222770298645628,192.81058106315766,0.8320932049136663,-0.1665302084172336
-11.056240090228357,191.97848785824397,0.7523343956538329,-0.21420443777504908
-10.842035652453319,191.2261534625901,0.6757448770820474,-0.26809875033222724
-10.57393690212109,190.55040858550808,0.6025397963251596,-0.32809875033222724
-10.245838151788917,189.9478687891829,0.5293347155682718,-0.3880987503322272
-9.857739401456683,189.41853407361464,0.6293347155682718,-0.34809875033222715
-9.509640651124414,188.78919935804635,0.7293347155682718,-0.3080987503322271
-9.201541900792222,188.0598646424781,0.8293347155682718,-0.2680987503322271
-8.933443150459993,187.2305299269098,0.9293347155682717,-0.22809875033222707
-8.705344400127728,186.30119521134156,1.0293347155682717,-0.18809875033222706
-8.51724564979554,185.2718604957733,1.1293347155682718,-0.14809875033222705
-8.369146899463317,184.142525780205,1.0561296348113842,-0.20809875033222702
-8.161048149131034,183.08639614539362,0.9829245540544965,-0.268098750332227
-7.892949398798805,182.10347159133914,0.9097194732976087,-0.328098750332227
-7.564850648466631,181.19375211804152,0.8365143925407209,-0.38809875033222696
-7.176751898134398,180.3572377255008,0.7633093117838331,-0.4480987503322269
-6.72865314780222,179.59392841371698,0.6901042310269453,-0.5080987503322268
-6.220554397469982,178.90382418269002,0.62049461179566,-0.5740826031788678
-5.646471794291074,178.28332957089435,0.5546870972846516,-0.6459211838730172
-5.000550610418031,177.72864247360968,0.49288369840966206,-0.7234782343315118
-4.277072376086494,177.2357587752,0.4352815476883176,-0.8066105293966435
-3.4704618466898864,176.8004772275117,0.382072659064522,-0.8951680513339513
-2.5752937953559467,176.41840456844716,0.3288637704407264,-0.9837255732712591
-1.5915682220846747,176.08954079800645,0.2756548818169308,-1.072283095208567
-0.5192851268760705,175.81388591618952,0.22244599319313524,-1.1608406171458747
0.6415554902697522,175.59143992299636,0.16923710456933966,-1.2493981390831825
1.8909536293529072,175.42220281842702,0.1116349538479953,-1.3325304341483142
3.223484063501246,175.310567864579,0.04983155497300579,-1.4100874846068088
4.63357154810808,175.260736309606,-0.01597595953800257,-1.481926065300958
6.1154976134090475,175.276712269144,-0.08558557876928777,-1.547909918147599
7.663407531556686,175.36229784791328,-0.15879065952617552,-1.607909918147599
9.27131744970427,175.52108850743946,-0.2353801780979609,-1.6618042307047771
10.933121680409045,175.7564686855374,-0.31513898735779433,-1.7094784600625925
12.642600140471586,176.0716076728952,-0.3978480788863145,-1.7508257886777525
14.393425929149316,176.46945575178154,-0.483284849799672,-1.7857471073609348
16.179173036510292,176.95274060158118,-0.5712233739568537,-1.8141511360260685
17.993324172536404,177.52396397553804,-0.6614346772158844,-1.835954534901058
19.829278707437425,178.18539865275392,-0.7536870164035483,-1.8510820060644577
21.68036071350184,178.93908566915746,-0.8459393555912121,-1.8662094772278575
23.546570190729653,179.78502502474868,-0.938191694778876,-1.8813369483912572
25.42790713912086,180.72321671952756,-0.838191694778876,-1.8413369483912572
27.269244087512106,181.5614084143064,-0.738191694778876,-1.8013369483912571
29.070581035903388,182.2996001090853,-0.638191694778876,-1.761336948391257
30.83191798429459,182.93779180386417,-0.5381916947788761,-1.721336948391257
32.55325493268583,183.47598349864307,-0.4381916947788761,-1.681336948391257
34.23459188107711,183.91417519342195,-0.3381916947788761,-1.641336948391257
35.87592882946842,184.2523668882008,-0.2381916947788761,-1.601336948391257
37.47726577785966,184.4905585829797,-0.1381916947788761,-1.561336948391257
39.03860272625093,184.62875027775857,-0.0381916947788761,-1.5213369483912569
40.55993967464224,184.66694197253747,0.061808305221123905,-1.4813369483912568
42.04127662303347,184.60513366731635,0.1618083052211239,-1.4413369483912568
43.482613571424736,184.4433253620952,0.2618083052211239,-1.4013369483912568
44.88395051981604,184.1815170568741,0.36180830522112395,-1.3613369483912567
46.245287468207266,183.81970875165297,0.4618083052211239,-1.3213369483912567
47.56662441659853,183.35790044643187,0.5618083052211239,-1.2813369483912567
48.84796136498983,182.79609214121075,0.4619301398173047,-1.2343570490507565
50.08231841404063,182.33416200139345,0.3624173297653398,-1.1804057543019313
51.262724168342515,181.97174467162813,0.2635129506916851,-1.1195000616484005
52.382224229990925,181.70823172093645,0.16545933694337103,-1.0516654414563873
53.43388967144733,181.5427723839931,0.06849778634092943,-0.9769358059230012
54.41082547737028,181.4742745976522,-0.027131733805831698,-0.8953534677594492
55.30617894512977,181.50140633145804,-0.12119087906103099,-0.8069690886395157
56.113148033769335,181.62259721051907,-0.21344321824869478,-0.7118416174761159
56.82498965124546,181.83604042876777,-0.3036545215077255,-0.6100382186011263
57.435027869846635,182.1396949502755,-0.20365452150772548,-0.5700382186011262
58.005066088447734,182.3433494717832,-0.10365452150772547,-0.5300382186011262
58.53510430704887,182.44700399329093,-0.0036545215077254667,-0.4900382186011262
59.02514252565004,182.45065851479865,0.09634547849227454,-0.45003821860112614
59.47518074425113,182.3543130363064,0.19634547849227454,-0.4100382186011261
59.885218962852264,182.15796755781412,0.29634547849227455,-0.37003821860112607
60.25525718145343,181.86162207932182,0.39634547849227453,-0.33003821860112603
60.58529540005452,181.46527660082955,0.4963454784922745,-0.290038218601126
60.875333618655645,180.96893112233727,0.5963454784922745,-0.25003821860112596
61.12537183725681,180.372585643845,0.6963454784922745,-0.21003821860112595
61.33541005585789,179.67624016535274,0.7963454784922744,-0.17003821860112595
61.50544827445901,178.87989468686044,0.8963454784922744,-0.13003821860112594
61.63548649306017,177.98354920836817,0.9963454784922744,-0.09003821860112593
61.72552471166125,176.9872037298759,1.0963454784922744,-0.05003821860112592
61.77556293026237,175.89085825138363,1.1963454784922745,-0.010038218601125914
61.78560114886352,174.69451277289136,1.2963454784922745,0.029961781398874093
61.755639367464596,173.39816729439906,1.3963454784922746,-0.010038218601125914
61.76567758606575,172.0018218159068,1.4963454784922747,0.029961781398874093
61.735715804666825,170.5054763374145,1.5963454784922748,-0.010038218601125914
61.74575402326798,168.90913085892225,1.696345478492275,0.029961781398874093
61.71579224186905,167.21278538042998,1.796345478492275,-0.010038218601125914
61.725830460470206,165.41643990193768,1.896345478492275,0.029961781398874093
61.69586867907128,163.5200944234454,1.9963454784922752,-0.010038218601125914
61.705906897672435,161.52374894495313,2.096345478492275,0.029961781398874093
61.67594511627351,159.42740346646087,2.196345478492275,-0.010038218601125914
61.68598333487466,157.2310579879686,2.296345478492275,0.029961781398874093
61.65602155347574,154.9347125094763,2.2477165133967967,0.12378790267064571
61.5322336508051,152.68699599607947,2.1990875483013177,0.21761402394241733
61.31461962686262,150.48790844777818,2.1504585832058387,0.31144014521418895
61.00317948164843,148.33744986457236,2.1018296181103597,0.40526626648596054
60.59791321516252,146.23562024646202,2.05796165804263,0.50419794057776
60.093715274584724,144.17765858841938,2.0190299839508303,0.6080659006454903
59.48564937393928,142.15862860446856,1.985203862679059,0.7166948657409692
58.76895450819836,140.17342474178952,1.956646340741751,0.8299037543647648
57.93905075383361,138.21677840104775,1.9335140456766193,0.9475059050861092
56.99154484874748,136.2832643553711,1.9159569952181246,1.0693093039610986
55.92223554478642,134.36730736015295,1.9041184145239751,1.1951168184721068
54.7271187263143,132.46318894562899,1.8981345616773342,1.324726437703392
53.40239228861094,130.56505438395163,1.8981345616773342,1.4579315184602797
51.94446077015061,128.66691982227428,1.9042402491201562,1.594521037032065
50.349939733118504,126.76267957315417,1.9165660197623409,1.7342798462918985
48.61565988682662,124.84611355339189,1.9352186911471807,1.8769889378204185
46.73867094900618,122.91089486224473,1.9538713625320208,2.019698029348939
44.71897291965729,120.9570234997127,2.053871362532021,1.9796980293489388
42.739274890308366,118.90315213718065,2.153871362532021,1.9396980293489388
40.799576860959405,116.74928077464858,2.253871362532021,1.8996980293489387
38.89987883161052,114.4954094121166,2.353871362532021,1.8596980293489387
37.0401808022616,112.1415380495846,2.453871362532021,1.8196980293489387
35.220482772912646,109.68766668705257,2.5538713625320213,1.7796980293489386
33.440784743563654,107.13379532452052,2.6538713625320214,1.7396980293489386
31.70108671421474,104.47992396198845,2.7538713625320215,1.6996980293489385
30.001388684865788,101.72605259945647,2.8538713625320216,1.6596980293489385
28.3416906555168,98.87218123692446,2.9538713625320216,1.6196980293489385
26.72199262616789,95.91830987439243,3.0538713625320217,1.5796980293489384
25.142294596818942,92.86443851186039,3.153871362532022,1.5396980293489384
23.60259656746996,89.71056714932831,3.253871362532022,1.4996980293489384
22.102898538121053,86.45669578679633,3.353871362532022,1.4596980293489383
20.64320050877211,83.10282442426433,3.453871362532022,1.4196980293489383
19.223502479423132,79.6489530617323,3.553871362532022,1.3796980293489383
17.84380445007423,76.09508169920025,3.6538713625320223,1.3396980293489382
16.504106420725293,72.44121033666818,3.7538713625320224,1.2996980293489382
15.204408391376319,68.6873389741362,3.7307390674668905,1.4173001800702825
165.69964908493012,287.9,0.2,0.0
165.69964908493012,287.7,0.30000000000000004,0.04000000000000001
165.65964908493015,287.4,0.4,0.0
165.65964908493015,287.0,0.5,0.04000000000000001
165.6196490849302,286.5,0.6,0.0
165.6196490849302,285.9,0.5043704798532388,0.08158233816355198
165.53806674676662,285.3956295201467,0.4103113345980395,0.08996671728348554
165.44810002948316,284.9853181855487,0.31805899541037563,0.10509418844688533
165.3430058410363,284.66725919013834,0.2278476921513449,0.12689758732187484
165.21610825371442,284.439411497987,0.1399091679941632,0.15530161598700853
165.0608066377274,284.29950232999283,0.2399091679941632,0.11530161598700853
164.94550502174036,284.0595931619987,0.3399091679941632,0.07530161598700852
164.8702034057534,283.7196839940045,0.43990916799416324,0.03530161598700851
164.83490178976638,283.27977482601034,0.5399091679941632,-0.004698384012991497
164.83960017377933,282.7398656580162,0.6399091679941632,0.03530161598700851
164.80429855779232,282.099956490022,0.7399091679941632,-0.004698384012991497
164.80899694180528,281.36004732202787,0.8399091679941632,0.03530161598700851
164.77369532581827,280.5201381540337,0.9399091679941631,-0.004698384012991497
164.77839370983122,279.5802289860395,1.0399091679941632,0.03530161598700851
164.7430920938442,278.54031981804536,1.1399091679941633,-0.004698384012991497
164.74779047785717,277.4004106500512,1.057200076465643,0.11664894460216854
164.631141533255,276.34321057358557,0.9744909849371229,0.15799627321732856
164.47314526003765,275.36871958864845,0.8917818934086027,0.1993436018324886
164.27380165820512,274.4769376952398,0.8090728018800825,0.2406909304476486
164.0331107277575,273.66786489335976,0.7263637103515622,0.28203825906280866
163.7510724686947,272.9415011830082,0.643654618823042,0.32338558767796866
163.4276868810167,272.29784656418514,0.5609455272945217,0.36473291629312865
163.06295396472353,271.73690103689063,0.4782364357660015,0.40608024490828865
162.65687371981528,271.2586646011246,0.39552734423748126,0.44742757352344864
162.20944614629184,270.8631372568871,0.312818252708961,0.48877490213860864
161.7206712441532,270.55031900417816,0.23010916118044078,0.5301222307537686
161.1905490133994,270.3202098429977,0.14740006965192054,0.5714695593689286
160.6190794540305,270.1728097733458,0.24740006965192055,0.5314695593689286
160.08760989466157,269.9254097036939,0.34740006965192055,0.49146955936892855
159.5961403352926,269.57800963404196,0.4474000696519206,0.4514695593689285
159.14467077592371,269.13060956439006,0.5474000696519206,0.4114695593689285
158.7332012165548,268.5832094947381,0.6474000696519205,0.37146955936892845
158.36173165718583,267.93580942508623,0.5646909781234003,0.41281688798408844
157.9489147692018,267.37111844696284,0.48198188659488006,0.45416421659924844
157.49475055260257,266.88913656036794,0.3992727950663598,0.49551154521440843
156.99923900738816,266.4898637653016,0.3165637035378396,0.5368588738295684
156.46238013355855,266.17330006176377,0.23385461200931934,0.5782062024447284
155.88417393111388,265.93944544975443,0.1511455204807991,0.6195535310598884
155.264620400054,265.78829992927365,0.06843642895227886,0.6609008596750484
154.60371954037896,265.71986350032137,-0.014272662576241352,0.7022481882902084
153.90147135208872,265.7341361628976,-0.09698175410476156,0.7435955169053684
153.1578758351834,265.83111791700236,-0.17969084563328178,0.7849428455205284
152.3729329896629,266.01080876263563,-0.262399937161802,0.8262901741356884
151.5466428155272,266.2732086997974,-0.34510902869032223,0.8676375027508484
150.67900531277633,266.61831772848774,-0.42781812021884247,0.9089848313660084
149.77002048141037,267.04613584870657,-0.5105272117473627,0.9503321599811684
148.81968832142923,267.55666306045396,-0.593236303275883,0.9916794885963284
147.8280088328329,268.14989936372984,-0.49323630327588297,0.9516794885963283
146.87632934423652,268.6431356670057,-0.393236303275883,0.9116794885963283
145.96464985564023,269.0363719702816,-0.293236303275883,0.8716794885963283
145.0929703670439,269.3296082735575,-0.193236303275883,0.8316794885963282
144.26129087844754,269.5228445768334,-0.093236303275883,0.7916794885963282
143.46961138985125,269.6160808801093,0.006763696724117002,0.7516794885963282
142.71793190125493,269.60931718338514,0.10676369672411701,0.7116794885963281
142.00625241265857,269.50255348666104,0.206763696724117,0.6716794885963281
141.3345729240623,269.2957897899369,0.306763696724117,0.631679488596328
140.70289343546597,268.98902609321283,0.40676369672411705,0.591679488596328
140.1112139468696,268.5822623964887,0.506763696724117,0.551679488596328
139.55953445827333,268.0754986997646,0.606763696724117,0.511679488596328
139.04785496967702,267.4687350030405,0.706763696724117,0.4716794885963279
138.57617548108067,266.76197130631635,0.806763696724117,0.4316794885963279
138.1444959924844,265.95520760959226,0.9067636967241169,0.39167948859632784
137.75281650388808,265.04844391286815,1.006763696724117,0.3516794885963278
137.40113701529174,264.041680216144,1.106763696724117,0.31167948859632777
137.08945752669536,262.9349165194199,1.206763696724117,0.27167948859632773
136.81777803809905,261.7281528226958,1.3067636967241172,0.23167948859632773
136.5860985495027,260.4213891259717,1.4067636967241173,0.19167948859632772
136.39441906090633,259.0146254292476,1.5067636967241174,0.1516794885963277
136.24273957231003,257.50786173252345,1.6067636967241175,0.1116794885963277
136.1310600837137,255.90109803579935,1.7067636967241175,0.0716794885963277
136.05938059511732,254.19433433907523,1.8067636967241176,0.03167948859632769
136.02770110652102,252.38757064235114,1.7240546051955974,0.07302681721148771
135.95467428930954,250.66351603715555,1.6413455136670771,0.11437414582664773
135.84030014348286,249.02217052348846,1.558636422138557,0.15572147444180776
135.684578669041,247.46353410134992,1.658636422138557,0.11572147444180775
135.56885719459922,245.80489767921136,1.758636422138557,0.07572147444180774
135.4931357201574,244.04626125707279,1.8586364221385572,0.03572147444180773
135.45741424571554,242.18762483493424,1.9586364221385573,-0.004278525558192275
135.46169277127376,240.22898841279567,2.0586364221385574,0.03572147444180773
135.4259712968319,238.17035199065714,2.1586364221385574,-0.004278525558192275
135.43024982239012,236.01171556851858,2.2586364221385575,0.03572147444180773
135.39452834794827,233.75307914638,2.3586364221385576,-0.004278525558192275
135.3988068735065,231.39444272424146,2.2759273306100374,0.11706880305696776
135.28173807044948,229.1185153936314,2.193218239081517,0.15841613167212779
135.1233219387774,226.92529715454987,2.110509147552997,0.1997634602872878
134.92355847849012,224.81478800699688,2.0278000560244767,0.24111078890244783
134.68244768958766,222.7869879509724,1.9450909644959564,0.28245811751760785
134.39998957207,220.84189698647646,1.8623818729674362,0.32380544613276785
134.0761841259373,218.97951511350902,1.779672781438916,0.36515277474792784
133.71103135118938,217.1998423320701,1.6969636899103957,0.40650010336308784
133.30453124782628,215.50287864215971,1.6142545983818755,0.44784743197824783
132.856683815848,213.88862404377784,1.5315455068533552,0.48919476059340783
132.36748905525462,212.35707853692446,1.448836415324835,0.5305420892085678
131.83694696604607,210.90824212159964,1.3661273237963147,0.5718894178237278
131.26505754822233,209.54211479780332,1.2834182322677945,0.6132367464388878
130.6518208017834,208.2586965655355,1.2007091407392743,0.6545840750540478
129.9972367267294,207.05798742479624,1.118000049210754,0.6959314036692078
129.3013053230602,205.93998737558547,1.0352909576822338,0.7372787322843678
128.56402659077582,204.90469641790327,0.9525818661537137,0.7786260608995278
127.78540052987626,203.95211455174956,0.8698727746251934,0.8199733895146878
126.96542714036161,203.08224177712435,0.7871636830966732,0.8613207181298478
126.10410642223178,202.2950780940277,0.7044545915681529,0.9026680467450078
125.20143837548676,201.59062350245955,0.6217455000396327,0.9440153753601678
124.25742300012655,200.9688780024199,0.5390364085111125,0.9853627039753278
123.27206029615127,200.4298415939088,0.4563273169825922,1.0267100325904877
122.2453502635608,199.9735142769262,0.373618225454072,1.0680573612056476
121.17729290235513,199.59989605147211,0.29090913392555173,1.1094046898208076
120.06788821253429,199.30898691754658,0.2082000423970315,1.1507520184359676
118.91713619409836,199.10078687514954,0.12549095086851125,1.1920993470511276
117.72503684704725,198.975295924281,0.04278185933999104,1.2334466756662876
116.49159017138095,198.93251406494102,-0.03992723218852917,1.2747940042814476
115.21679616709946,198.97244129712954,-0.12263632371704938,1.3161413328966076
113.9006548342029,199.0950776208466,-0.2053454152455696,1.3574886615117676
112.54316617269114,199.30042303609218,-0.10534541524556959,1.3174886615117676
111.22567751117936,199.40576845133774,-0.005345415245569585,1.2774886615117675
109.94818884966764,199.41111386658332,0.09465458475443042,1.2374886615117675
108.7107001881559,199.31645928182888,0.19465458475443043,1.1974886615117675
107.51321152664411,199.12180469707448,0.2946545847544304,1.1574886615117674
106.3557228651323,198.82715011232006,0.21194549322591016,1.1988359901269274
105.1568868750054,198.61520461909413,0.12923640169738992,1.2401833187420874
103.91670355626331,198.48596821739676,0.04652731016886971,1.2815306473572474
102.63517290890604,198.4394409072279,-0.0361817813596505,1.3228779759724074
101.31229493293358,198.47562268858752,-0.11889087288817071,1.3642253045875674
99.94806962834605,198.5945135614757,-0.018890872888170707,1.3242253045875674
98.62384432375848,198.61340443436387,0.0811091271118293,1.2842253045875673
97.33961901917087,198.53229530725207,0.1811091271118293,1.2442253045875673
96.09539371458334,198.35118618014025,0.28110912711182934,1.2042253045875673
94.89116840999577,198.0700770530284,0.1984000355833091,1.2455726332027273
93.64559577679302,197.8716770174451,0.11569094405478886,1.2869199618178873
92.35867581497507,197.75598607339032,0.03025417314143139,1.3218412805010697
91.036834534474,197.7257319002489,0.1302541731414314,1.2818412805010697
89.75499325397288,197.59547772710744,0.2302541731414314,1.2418412805010697
88.51315197347185,197.36522355396602,0.3302541731414314,1.2018412805010696
87.31131069297078,197.03496938082458,0.43025417314143144,1.1618412805010696
86.14946941246967,196.60471520768317,0.5302541731414314,1.1218412805010696
85.02762813196864,196.07446103454174,0.6302541731414314,1.0818412805010695
83.94578685146757,195.4442068614003,0.7302541731414314,1.0418412805010695
82.90394557096647,194.71395268825887,0.8302541731414314,1.0018412805010695
81.90210429046545,193.88369851511743,0.7322005593931172,0.9896759006930826
80.91242838977234,193.15149795572432,0.6341469456448031,0.9775105208850958
79.93491786888728,192.5173510100795,0.536093331896489,0.965345141077109
78.96957272781015,191.981257678183,0.4380397181481749,0.9531797612691222
78.01639296654105,191.54321796003484,0.5380397181481749,0.9131797612691221
77.10321320527191,191.00517824188665,0.6380397181481748,0.8731797612691221
76.23003344400274,190.3671385237385,0.7380397181481748,0.8331797612691221
75.39685368273365,189.62909880559033,0.8380397181481748,0.793179761269122
74.60367392146452,188.79105908744214,0.9380397181481748,0.753179761269122
73.85049416019535,187.85301936929397,0.8399861043998608,0.7410143814611352
73.10947977873423,187.0130332648941,0.7419324906515467,0.7288490016531484
72.38063077708102,186.27110077424254,0.6438788769032325,0.7166836218451615
71.66394715523586,185.62722189733933,0.5458252631549184,0.7045182420371747
70.95942891319874,185.0813966341844,0.6458252631549184,0.6645182420371747
70.29491067116157,184.43557137102948,0.7458252631549184,0.6245182420371747
69.67039242912438,183.68974610787456,0.8458252631549183,0.5845182420371746
69.08587418708726,182.84392084471966,0.9458252631549183,0.5445182420371746
68.5413559450501,181.89809558156475,1.0458252631549183,0.5045182420371745
68.0368377030129,180.8522703184098,1.1458252631549184,0.4645182420371745
67.57231946097568,179.7064450552549,1.2458252631549185,0.4245182420371745
67.14780121893853,178.46061979209998,1.1477716494066046,0.4123528622291876
66.7354483567093,177.31284814269338,1.0497180356582907,0.4001874824212008
66.33526087428811,176.26313010703507,0.9516644219099767,0.38802210261321396
65.94723877167485,175.31146568512509,1.0516644219099767,0.348022102613214
65.59921666906166,174.25980126321508,1.1516644219099768,0.30802210261321394
65.29119456644844,173.1081368413051,1.2516644219099768,0.2680221026132139
65.02317246383518,171.85647241939512,1.351664421909977,0.2280221026132139
64.795150361222,170.50480799748516,1.451664421909977,0.1880221026132139
64.60712825860878,169.05314357557518,1.551664421909977,0.14802210261321389
64.45910615599553,167.50147915366517,1.4536108081616632,0.13585672280522706
64.32324943319031,166.0478683455035,1.3555571944133493,0.12369134299724023
64.19955809019302,164.69231115109017,1.2575035806650354,0.1115259631892534
64.08803212700377,163.4348075704251,1.3575035806650355,0.07152596318925339
64.01650616381448,162.07730398976008,1.4575035806650356,0.03152596318925338
63.98498020062527,160.61980040909503,1.5575035806650357,-0.008474036810746627
63.993454237436026,159.06229682843002,1.6575035806650358,0.03152596318925338
63.961928274246816,157.40479324776499,1.7575035806650359,-0.008474036810746627
63.97040231105757,155.64728966709993,1.659449966916722,0.059360583381266555
63.91104172767632,153.9878397001832,1.561396353168408,0.04719520357327972
63.863846524102996,152.4264433470148,1.4633427394200942,0.035029823765292886
63.82881670033771,150.9631006075947,1.3652891256717803,0.022864443957306056
63.80595225638035,149.59781148192292,1.2672355119234664,0.010699064149319225
63.79525319223103,148.33057596999947,1.3672355119234665,-0.029300935850680783
63.82455412808167,146.963340458076,1.4672355119234666,0.010699064149319225
63.81385506393235,145.4961049461525,1.5672355119234667,-0.029300935850680783
63.843155999782994,143.92886943422906,1.6672355119234668,0.010699064149319225
63.83245693563367,142.26163392230558,1.7672355119234668,-0.029300935850680783
63.861757871484315,140.49439841038213,1.669181898175153,0.038533684341332405
63.823224187142955,138.82521651220696,1.571128284426839,0.026368304533345575
63.796855882609634,137.25408822778013,1.4730746706785252,0.014202924725358744
63.78265295788424,135.78101355710157,1.3750210569302113,0.0020375449173719133
63.78061541296688,134.40599250017135,1.2769674431818974,-0.010127834890614914
63.79074324785745,133.12902505698946,1.1789138294335835,0.05770678530139827
63.733036462556015,131.9501112275559,1.0808602156852696,0.045541405493411444
63.68749505706262,130.8692510118707,0.9828066019369556,0.03337602568542461
63.65411903137715,129.8864444099337,0.8847529881886415,0.02121064587743778
63.63290838549972,129.00169142174502,0.7866993744403273,0.009045266069450948
63.62386311943021,128.2149920473047,0.6886457606920132,-0.0031201137385358825
63.626983233168744,127.52634628661269,0.5905921469436991,0.0647145064534773
63.562268726715274,126.93575413966903,0.492538533195385,0.05254912664549047
63.50971960006973,126.4432156064737,0.39448491944707087,0.040383746837503634
63.469335853232224,126.04873068702659,0.29643130569875675,0.028218367029516803
63.44111748620276,125.75229938132782,0.19837769195044266,0.016052987221529973
63.425064498981214,125.55392168937738,0.1003240782021286,0.003887607413543142
63.42117689156771,125.45359761117527,0.0022704644538145413,-0.008277772394443685
63.42945466396213,125.4513271467215,-0.09578314929449952,0.05955684779756949
63.36989781616455,125.54711029601594,-0.19383676304281358,0.04739146798958266
63.32250634817501,125.74094705905873,-0.2918903767911276,0.035226088181595824
63.287280259993395,126.03283743584984,-0.3899439905394417,0.023060708373608994
63.26421955161982,126.42278142638929,-0.48799760428775574,0.010895328565622163
63.253324223054165,126.91077903067708,-0.5860512180360699,-0.0012700512423646677
63.25459427429655,127.4968302487132,-0.684104831784384,0.06656456894964852
63.188029705346935,128.18093508049753,-0.7821584455326981,0.05439918914166168
63.133630516205244,128.9630935260302,-0.8802120592810122,0.04223380933367485
63.09139670687159,129.8433055853112,-0.9782656730293263,0.030068429525688018
63.061328277345865,130.82157125834055,-1.0763192867776403,0.017903049717701187
63.04342522762818,131.89789054511823,-1.1743729005259544,0.005737669909714357
63.037687557718414,133.07226344564424,-1.2724265142742683,-0.0064277098982724705
63.04411526761669,134.34468995991847,-1.3704801280225822,0.06140691029374071
62.98270835732296,135.71517008794103,-1.2704801280225821,0.0214069102937407
62.9613014470292,136.98565021596363,-1.170480128022582,-0.018593089706259308
62.979894536735515,138.1561303439862,-1.070480128022582,0.0214069102937407
62.95848762644175,139.22661047200882,-0.970480128022582,-0.018593089706259308
62.977080716148066,140.1970906000314,-0.870480128022582,0.0214069102937407
62.9556738058543,141.06757072805397,-0.770480128022582,-0.018593089706259308
62.97426689556062,141.83805085607656,-0.6704801280225821,0.0214069102937407
62.952859985266855,142.50853098409914,-0.5704801280225821,-0.018593089706259308
62.97145307497317,143.07901111212175,-0.4704801280225821,0.0214069102937407
62.95004616467941,143.54949124014433,-0.3704801280225821,-0.018593089706259308
62.96863925438572,143.9199713681669,-0.27048012802258214,0.0214069102937407
62.94723234409196,144.1904514961895,-0.17048012802258214,-0.018593089706259308
62.96582543379827,144.36093162421207,-0.07048012802258213,0.0214069102937407
62.94441852350451,144.43141175223468,0.029519871977417872,-0.018593089706259308
62.963011613210824,144.40189188025727,-0.0400897472538673,0.12739076314038172
62.83562085007043,144.44198162751115,-0.10589726176487568,0.19922934383453103
62.636391506235896,144.54787888927603,-0.16770066063986516,0.2767863942930257
62.35960511194287,144.7155795499159,-0.22530281136120958,0.35991868935815735
61.99968642258466,144.9408823612771,-0.27851169998500513,0.44847621129546533
61.55121021128923,145.2193940612621,-0.327140665080484,0.5423023325672369
61.00890787872197,145.5465347263426,-0.3710086251482142,0.6412340066590364
60.36767387206294,145.9175433514908,-0.4099402992400137,0.7451019667267667
59.622571905336144,146.3274836507308,-0.4437664205117852,0.8537309318222456
58.768840973513875,146.7712500712426,-0.47759254178355676,0.9623598969177245
57.80648107659613,147.24884261302617,-0.5114186630553283,1.0709888620132033
56.735492214582905,147.7602612760815,-0.5452447843271,1.1796178271086821
55.555874387474205,148.30550606040862,-0.5790709055988716,1.288246792204161
54.26762759527003,148.8845769660075,-0.47907090559887167,1.248246792204161
53.019380803065815,149.36364787160636,-0.3790709055988717,1.2082467922041609
51.81113401086168,149.74271877720525,-0.2790709055988717,1.1682467922041608
50.642887218657506,150.02178968280413,-0.1790709055988717,1.1282467922041608
49.5146404264533,150.20086058840297,-0.0790709055988717,1.0882467922041608
48.426393634249166,150.27993149400186,-0.11289702687064326,1.1968757572996396
47.22951787694956,150.3928285208725,-0.14672314814241483,1.3055047223951184
45.92401315455447,150.53955166901494,-0.1805492694141864,1.4141336874905972
44.50987946706391,150.72010093842914,-0.21437539068595796,1.522762652586076
42.98711681447787,150.9344763291151,-0.24820151195772952,1.6313916176815548
41.35572519679636,151.18267784107286,-0.2820276332295011,1.7400205827770336
39.615704614019364,151.46470547430238,-0.3158537545012726,1.8486495478725125
37.767055066146895,151.78055922880367,-0.21585375450127262,1.8086495478725124
35.95840551827439,151.99641298330494,-0.11585375450127261,1.7686495478725124
34.18975597040185,152.11226673780618,-0.015853754501272604,1.7286495478725123
32.46110642252938,152.12812049230746,0.0841462454987274,1.6886495478725123
30.772456874656882,152.04397424680872,0.1841462454987274,1.6486495478725123
29.123807326784345,151.85982800131,0.2841462454987274,1.6086495478725122
27.515157778911885,151.57568175581127,0.38414624549872745,1.5686495478725122
25.946508231039388,151.19153551031252,0.4841462454987274,1.5286495478725122
24.417858683166855,150.7073892648138,0.5841462454987274,1.4886495478725121
22.9292091352944,150.12324301931505,0.6841462454987274,1.448649547872512
21.480559587421908,149.43909677381635,0.7841462454987274,1.408649547872512
20.07191003954938,148.6549505283176,0.8841462454987273,1.368649547872512
18.703260491676815,147.77080428281886,0.9841462454987273,1.328649547872512
17.374610943804328,146.78665803732014,1.0841462454987274,1.288649547872512
16.085961395931804,145.7025117918214,1.1841462454987275,1.248649547872512
14.837311848059244,144.51836554632268,1.2841462454987276,1.2086495478725119
13.628662300186761,143.23421930082395,1.3841462454987277,1.1686495478725119
12.460012752314242,141.8500730553252,1.4841462454987278,1.1286495478725118
11.331363204441686,140.36592680982648,1.5841462454987278,1.0886495478725118
10.242713656569208,138.78178056432773,1.684146245498728,1.0486495478725117
9.194064108696693,137.09763431882902,1.784146245498728,1.0086495478725117
8.185414560824142,135.3134880733303,1.8841462454987281,0.9686495478725117
7.216765012951669,133.42934182783154,1.9841462454987282,0.9286495478725116
6.288115465079159,131.44519558233276,2.084146245498728,0.8886495478725116
5.399465917206612,129.36104933683407,2.184146245498728,0.8486495478725116
4.550816369334143,127.17690309133536,2.2841462454987282,0.8086495478725115
3.7421668214616375,124.89275684583663,2.3841462454987283,0.7686495478725115
2.9735172735890956,122.50861060033787,2.4841462454987284,0.7286495478725115
2.244867725716631,120.0244643548391,2.5841462454987285,0.6886495478725114
1.55621817784413,117.44031810934041,2.6841462454987286,0.6486495478725114
0.9075686299715926,114.7561718638417,2.7841462454987287,0.6086495478725114
0.29891908209913254,111.97202561834297,2.8841462454987288,0.5686495478725113
-0.2697304657733639,109.08787937284421,2.984146245498729,0.5286495478725113
-0.7983800136458967,106.10373312734544,3.084146245498729,0.48864954787251125
-1.2870295615183522,103.01958688184675,3.184146245498729,0.4486495478725112
-1.7356791093908441,99.83544063634804,3.284146245498729,0.4086495478725112
-2.1443286572633724,96.5512943908493,3.384146245498729,0.36864954787251114
-2.512978205135937,93.16714814535055,3.4841462454987293,0.3286495478725111
-2.8416277530084244,89.68300189985177,3.5841462454987294,0.28864954787251107
-3.130277300880948,86.09885565435309,3.6841462454987295,0.24864954787251106
-3.3789268487535082,82.41470940885438,3.7841462454987296,0.20864954787251105
-3.587576396625991,78.63056316335565,3.8841462454987297,0.16864954787251105
-3.75622594449851,74.74641691785689,3.9841462454987298,0.12864954787251104
-3.8848754923710658,70.76227067235811,4.084146245498729,0.08864954787251103
-3.973525040243544,66.67812442685943,4.184146245498729,0.04864954787251102
10.622281430042676,287.9,0.2,0.0
10.622281430042676,287.7,0.30000000000000004,0.04000000000000001
10.582281430042713,287.4,0.4,0.0
10.582281430042713,287.0,0.5,0.04000000000000001
10.542281430042749,286.5,0.6,0.0
10.542281430042749,285.9,0.7,0.04000000000000001
10.502281430042785,285.2,0.7999999999999999,0.0
10.502281430042785,284.4,0.8999999999999999,0.04000000000000001
10.462281430042822,283.5,0.9999999999999999,0.0
10.462281430042822,282.5,1.0999999999999999,0.04000000000000001
10.422281430042858,281.4,1.2,0.0
10.422281430042858,280.2,1.3,0.04000000000000001
10.382281430042894,278.9,1.4000000000000001,0.0
10.382281430042894,277.5,1.5000000000000002,0.04000000000000001
10.34228143004293,276.0,1.6000000000000003,0.0
10.34228143004293,274.4,1.7000000000000004,0.04000000000000001
10.302281430042967,272.7,1.8000000000000005,0.0
10.302281430042967,270.9,1.9000000000000006,0.04000000000000001
10.262281430043004,269.0,2.0000000000000004,0.0
10.262281430043004,267.0,2.1000000000000005,0.04000000000000001
10.22228143004304,264.9,2.2000000000000006,0.0
10.22228143004304,262.7,2.3000000000000007,0.04000000000000001
10.182281430043076,260.4,2.400000000000001,0.0
10.182281430043076,258.0,2.500000000000001,0.04000000000000001
10.142281430043113,255.5,2.600000000000001,0.0
10.142281430043113,252.89999999999998,2.700000000000001,0.04000000000000001
10.10228143004315,250.2,2.800000000000001,0.0
10.10228143004315,247.39999999999998,2.9000000000000012,0.04000000000000001
10.062281430043186,244.5,3.0000000000000013,0.0
10.062281430043186,241.5,3.1000000000000014,0.04000000000000001
10.022281430043222,238.39999999999998,3.2000000000000015,0.0
10.022281430043222,235.2,3.3000000000000016,0.04000000000000001
9.982281430043258,231.89999999999998,3.4000000000000017,0.0
9.982281430043258,228.5,3.5000000000000018,0.04000000000000001
9.942281430043295,225.0,3.600000000000002,0.0
9.942281430043295,221.39999999999998,3.700000000000002,0.04000000000000001
9.902281430043331,217.7,3.800000000000002,0.0
9.902281430043331,213.89999999999998,3.900000000000002,0.04000000000000001
9.862281430043367,210.0,4.000000000000002,0.0
9.862281430043367,206.0,4.100000000000001,0.04000000000000001
9.822281430043404,201.89999999999998,4.200000000000001,0.0
9.822281430043404,197.7,4.300000000000001,0.04000000000000001
9.78228143004344,193.39999999999998,4.4,0.0
9.78228143004344,189.0,4.5,0.04000000000000001
9.742281430043477,184.5,4.6,0.0
9.742281430043477,179.89999999999998,4.699999999999999,0.04000000000000001
9.702281430043513,175.2,4.799999999999999,0.0
9.702281430043513,170.39999999999998,4.899999999999999,0.04000000000000001
9.66228143004355,165.5,4.999999999999998,0.0
9.66228143004355,160.5,5.099999999999998,0.04000000000000001
9.622281430043586,155.39999999999998,5.1999999999999975,0.0
9.622281430043586,150.2,5.299999999999997,0.04000000000000001
9.582281430043622,144.89999999999998,5.399999999999997,0.0
9.582281430043622,139.5,5.4999999999999964,0.04000000000000001
9.542281430043658,134.0,5.599999999999996,0.0
9.542281430043658,128.39999999999998,5.699999999999996,0.04000000000000001
9.502281430043695,122.69999999999993,5.799999999999995,0.0
9.502281430043695,116.89999999999998,5.899999999999995,0.04000000000000001
9.462281430043731,111.0,5.999999999999995,0.0
9.462281430043731,105.0,6.099999999999994,0.04000000000000001
9.422281430043768,98.89999999999998,6.199999999999994,0.0
9.422281430043768,92.69999999999993,6.299999999999994,0.04000000000000001
9.382281430043804,86.39999999999998,6.399999999999993,0.0
9.382281430043804,80.0,6.499999999999993,0.04000000000000001
9.34228143004384,73.5,6.5999999999999925,0.0
9.34228143004384,66.89999999999998,6.699999999999992,0.04000000000000001
